Model,RMSE,MAE,R2,AIC,BIC
GLR,7737.758101070719,5163.626093597427,0.9539259468888096,9892.516587377555,13270.590601778607
Linear,7737.758101070719,5163.626093597427,0.9539259468888096,9892.516587377555,13270.590601778607
RandomForest,11026.262059358192,8246.128016693201,0.906441609599203,10168.309222583186,13538.425465454437
Polynomial,27847.577892208643,22108.809589978704,0.4032382537454552,9212.21744596493,9224.154103259634
